ID;Card de referência;Tarefa;Responsável;Esforço (h);Início;Prazo;Predecessoras;Prioridade;Status;Entregável / critério de aceite;Requisitos;Fase;Evidência / pendência;Dependências
A01;N2-PLAN / ajustes N1;Fechar escopo e conferir material da atividade;Alyson de Lima de Oliveira;2;05/10/2026;05/10/2026;;P0;Planejada — validar com o grupo;"Lista de pendências do README conciliada; modelo da aula e prazo confirmados com equipe";RF01–RF48;Planejamento;Material de aula e prazo ainda não fornecidos;OK
A02;N2-P1-CU;Revisar caso de uso e seu passo a passo;Alyson de Lima de Oliveira;4;06/10/2026;06/10/2026;A01;P0;Planejada — validar com o grupo;"Atores, fronteira, associações e include/extend conferidos; aluno só acessa gabarito liberado";RF01–RF48;Modelagem;"Rascunho entregue nesta atividade; validação do grupo pendente";OK
D01;N1-INF-01 / ambiente N2;Reproduzir ambiente e definir versão Python/Node;Diego Rafael da Silva Dornelles;4;06/10/2026;06/10/2026;A01;P0;Planejada — validar com o grupo;"Instalação limpa, API e frontend iniciam; versão validada registrada; dependências vulneráveis triadas";"RNF06; RNF09";Infraestrutura;".venv incompleta; Python README 3.11 versus teste 3.14; quatro alertas npm";OK
E01;N2-REQ / ajustes N1;Consolidar regras de correção e acesso;Eloisa Fazzio da Silva Rocha;4;06/10/2026;06/10/2026;A01;P0;Planejada — validar com o grupo;"RF/RN rastreados; aluno sem conta; liberação do gabarito e nota máxima definidos";"RF29–RF40; RN01–RN05; RN14";Requisitos;Não criar regras sem confrontar requisitos;OK
L01;N2-BE-01;Unificar entrypoint, contratos e camadas da API;Luan Eliseu;3;06/10/2026;06/10/2026;A01;P0;Planejada — validar com o grupo;"Contrato de sessão/erros/campos definido; controllers/services/repositories sem duplicar /api e /n1";"RF01–RF48; RNF08–RNF09";Backend;"PR #40 como referência da auditoria local; confirmar estado antes de integrar";OK
A05;N2-DOC-01;Consolidar arquitetura em camadas e ADRs;Alyson de Lima de Oliveira;5;07/10/2026;13/10/2026;L01, E01;P1;Planejada — validar com o grupo;ADRs justificam PostgreSQL versus MySQL, cookie, domínio único, snapshots e compensação Storage;"RNF08–RNF09; RN14";Documentação;"PR #54 como referência local; confirmar estado e decisões";OK
D02;N2-INF-02 / N2-P1-CL;Revisar classes UML e conciliar DER;Diego Rafael da Silva Dornelles;4;07/10/2026;07/10/2026;A02, E01;P0;Planejada — validar com o grupo;"Multiplicidades, snapshots e modelo conceitual separados do schema; passos documentados";"RN14; N2 Parte 1";Modelagem;"Modelo N2 ainda é referência de PR; não declarar implantação";OK
E02;N2-P1-AT;Revisar atividade da correção e seu passo a passo;Eloisa Fazzio da Silva Rocha;4;07/10/2026;07/10/2026;A02, E01;P0;Planejada — validar com o grupo;Fluxo normal, decisões, rejeições e falha de persistência conferidos;RF31–RF40;Modelagem;"Rascunho fornecido; grupo valida regras de leitura";OK
G06;N1-FE-06 / N2-BE-05;Ajustar folha impressa ao layout OMR;Gabriel Koehler da Silva;4;07/10/2026;07/10/2026;E01;P0;Planejada — validar com o grupo;"A4 com QR, marcadores e grade fixa; layout acordado com Luan; impressão verificada";"RF26–RF28; RF31–RF37";Frontend;Conferência completa de Figma e impressão ainda pendentes;OK
A03;N2-P1-SQ;Revisar sequência da correção e seu passo a passo;Alyson de Lima de Oliveira;4;08/10/2026;08/10/2026;E02, D02, L01;P0;Planejada — validar com o grupo;Lifelines, ordem das mensagens e alternativas compatíveis com atividade e classes;RF31–RF40;Modelagem;Sequência representa arquitetura proposta, não código homologado;OK
D03;N2-INF-01;Validar schema, seed e migração em PostgreSQL;Diego Rafael da Silva Dornelles;5;08/10/2026;09/10/2026;D01, L01;P0;Planejada — validar com o grupo;"DDL/seed executam em banco vazio e repetição não duplica dados; caminho SQL oficial definido";"RNF08; RN14";Banco / Infraestrutura;Scripts locais preparados, execução SQL pendente;OK
E03;N2-MER-01;Consolidar MER e cardinalidades da N2;Eloisa Fazzio da Silva Rocha;4;08/10/2026;08/10/2026;E01;P0;Planejada — validar com o grupo;"MER inclui versão, código único, snapshots e liberação do gabarito; alinhado ao DER";"RF14–RF30; RN14";Modelagem;"PR #48 como referência local; estado remoto a confirmar";OK
A04;N2-P1 / rastreabilidade;Conferir os quatro diagramas e rastrear requisitos;Alyson de Lima de Oliveira;4;09/10/2026;09/10/2026;A02, A03, E02, D02;P0;Planejada — validar com o grupo;"Cada fluxo e mensagem correspondem ao mesmo cenário; índices e passos completos";"N2 Parte 1; RF01–RF48";Documentação;Exemplo da aula ainda precisa ser disponibilizado;OK
A09;N2-PLAN / Excel;Revisar backlog, esforço e datas com o grupo;Alyson de Lima de Oliveira;4;13/10/2026;15/10/2026;A04;P0;Planejada — validar com o grupo;"Cinco integrantes participam; estimativas/dependências validadas; data acadêmica confirmada";Planejamento N2;Planejamento;Planilha atual usa prazo provisório 13/11/2026;OK
E04;N2-MER-02;Completar dicionário de dados e integridade;Eloisa Fazzio da Silva Rocha;4;13/10/2026;13/10/2026;E03, D03;P0;Planejada — validar com o grupo;Colunas/tipos/FKs/constraints e campos JSON documentados com exemplos válidos;"RF01–RF48; RN14";Modelagem;"PR #49 e schema local como referências; revisar divergências";OK
L02;N2-BE-02;Integrar conector, pool e health do banco;Luan Eliseu;4;13/10/2026;13/10/2026;D03, L01;P0;Planejada — validar com o grupo;Pool conecta, health detecta queda, migrador usa schema único e credenciais fora do Git;RNF08;Backend;"PR #41 como referência local; integração e teste reais pendentes";OK
A06;N2-DOC-02 / execução;Atualizar guia de execução e variáveis reais;Alyson de Lima de Oliveira;4;14/10/2026;14/10/2026;L02, D01;P1;Planejada — validar com o grupo;"README reproduz ambiente e entrypoint; versão Python e caminho SQL únicos; segredos exemplificados";"RNF09; N2 C3";Documentação;Conciliar instruções atuais conflitantes Node/Python;OK
D04;N2-INF-01 / segurança;Validar RLS, acesso por professor e Storage privado;Diego Rafael da Silva Dornelles;4;14/10/2026;14/10/2026;D03, E04;P0;Planejada — validar com o grupo;"Outro professor não acessa dados/imagens; chave de serviço só no backend; bucket privado validado";"RNF06; RF30";Infraestrutura;"RLS sem policies públicas local; papel de servidor ainda precisa validação";OK
E06;N2-TEST / OMR;Montar conjunto de folhas de teste OMR;Eloisa Fazzio da Silva Rocha;4;14/10/2026;14/10/2026;G06, E04;P0;Planejada — validar com o grupo;"Amostras sintéticas com branco, dupla marcação, inclinação e baixa qualidade; resultados esperados";RF31–RF37;Testes;"Sem dados pessoais reais; registrar layout e critérios de leitura";OK
L03;N2-BE-03 / autenticação;Integrar autenticação, professores e semestres reais;Luan Eliseu;4;14/10/2026;14/10/2026;L02;P0;Planejada — validar com o grupo;Login/cookie e CRUD de semestres persistem no PostgreSQL e isolam professores;RF01–RF02;Backend;"PR #42 como referência local; não reescrever se já atendido";OK
G01;N2-FE-01 / login;Conectar login real e tratamento da sessão;Gabriel Koehler da Silva;4;15/10/2026;15/10/2026;L03;P0;Planejada — validar com o grupo;"Formulário usa contrato final; 401 redireciona; Google/recuperação indicam simulação ou serviço real";"RF01; RNF06";Frontend;"PR #60 como referência local; autenticação Google não pode parecer integrada";OK
L04;N2-BE-03 / cadastros;Integrar CRUD de turmas e alunos reais;Luan Eliseu;4;15/10/2026;15/10/2026;L03;P0;Planejada — validar com o grupo;Vínculos, matrícula e validação de importação são persistentes e transacionais;RF03–RF05;Backend;Conferir cadastro, duplicidade e ausência de gravação parcial;OK
D05;N2-INF-03 / hospedagem;Preparar build e proxy no mesmo domínio;Diego Rafael da Silva Dornelles;4;16/10/2026;16/10/2026;G01, A05, L02;P0;Planejada — validar com o grupo;"Imagem/build funciona; frontend/API com cookie no mesmo domínio; /health útil ao provedor";"RNF06; N2 C2";Infraestrutura;Docker/Render local preparados, build e publicação pendentes;OK
G02;N2-FE-01 / gestão;Conectar semestres e turmas ao banco real;Gabriel Koehler da Silva;4;16/10/2026;16/10/2026;L04, G01;P0;Planejada — validar com o grupo;Listagem/cadastro/edição/erros funcionam com API real após reinício;RF02–RF03;Frontend;Preservar visual AvaliaSystem;OK
L05;N2-BE-03 / questões;Integrar CRUD e importação de questões/alternativas;Luan Eliseu;4;16/10/2026;16/10/2026;L04;P0;Planejada — validar com o grupo;"Alternativas e gabarito corretos persistem; questões usadas preservam snapshots";"RF06–RF13; RN14";Backend;Verificar limites e importação CSV/Excel conforme escopo acordado;OK
D06;N2-INF-03 / ambiente;Configurar variáveis e verificar segredos de produção;Diego Rafael da Silva Dornelles;4;19/10/2026;19/10/2026;D05, D04;P0;Planejada — validar com o grupo;"Chaves no provedor, HTTPS/cookie corretos; URL e versão documentadas; segredos ausentes do ZIP";"RNF06; N2 C2";Infraestrutura;"Execução externa futura depende de autorização; agora só planejamento";OK
G03;N2-FE / alunos;Conectar alunos e importação com confirmação;Gabriel Koehler da Silva;4;19/10/2026;19/10/2026;L04, G02;P1;Planejada — validar com o grupo;"Prévia mostra erros; confirmação revalida lote; zeros na matrícula preservados";RF04–RF05;Frontend;"CSV existente; validar decisão sobre XLSX sem prometer suporte inexistente";OK
L06;N2-BE-04;Integrar gravação atômica de avaliações e versões;Luan Eliseu;6;19/10/2026;20/10/2026;L05;P0;Planejada — validar com o grupo;"Avaliação/versões/gabaritos/snapshots gravam tudo ou nada; edição posterior não altera prova";"RF14–RF25; RN14";Backend;"PR #43 como referência; testar rollback e posições embaralhadas";OK
G04;N2-FE-02;Conectar questões, filtros e importação à API real;Gabriel Koehler da Silva;5;20/10/2026;21/10/2026;L05, G03;P0;Planejada — validar com o grupo;CRUD/importação/filtros usam dados persistidos e retornam feedback correto;RF06–RF13;Frontend;Remover dependência de estado mock no fluxo entregue;OK
L07;N2-BE-05;Integrar leitura QR, alinhamento e marcações OMR;Luan Eliseu;6;21/10/2026;22/10/2026;L06, G06, E06;P0;Planejada — validar com o grupo;"QR identifica versão; perspectiva alinhada; respostas/brancos/múltiplas marcações classificadas";"RF31–RF37; RF40";Backend;"PR #44 como referência; corrigir instabilidade observada no teste QR";OK
E05;N2-TEST / integração CRUD;Testar importações, persistência e isolamento;Eloisa Fazzio da Silva Rocha;4;22/10/2026;22/10/2026;G03, G04, D04;P0;Planejada — validar com o grupo;"Casos positivos/negativos registrados; reinício conserva dados; dois professores isolados";"RF01–RF13; RNF06";Testes;Testar a aplicação integrada, não só repositories isolados;OK
G05;N2-FE-03;Conectar assistente, versões e liberação do gabarito;Gabriel Koehler da Silva;5;22/10/2026;23/10/2026;L06, G04;P0;Planejada — validar com o grupo;"Quatro passos enviam contrato final; versões persistem; liberação/revogação funciona";RF14–RF30;Frontend;Confirmar configuração suportada e seleção por IDs;OK
L08;N2-BE-06 / correção;Integrar cálculo de nota e resultado persistente;Luan Eliseu;4;23/10/2026;23/10/2026;L07, D04;P0;Planejada — validar com o grupo;"Nota usa regra acordada; branco/múltipla marcação tratados; gravação e compensação de imagem testadas";RF38–RF43;Backend;"PR #45 como referência; não considerar Storage e SQL uma transação única";OK
E07;N2-TEST / aluno QR;Testar liberação do gabarito e estabilidade QR;Eloisa Fazzio da Silva Rocha;4;26/10/2026;26/10/2026;G05, L06;P0;Planejada — validar com o grupo;"Antes da liberação bloqueia; depois mostra só alternativas; token inválido/revogado e QR variados testados";"RF29–RF30; RN03–RN05";Testes;Falha intermitente QR registrada em VALIDACAO_LOCAL.md;OK
G07;N2-FE-04 / correção;Conectar upload e feedback da correção real;Gabriel Koehler da Silva;4;26/10/2026;26/10/2026;G05, L08;P0;Planejada — validar com o grupo;"Upload multipart mostra leitura/erros/nota; nova imagem disponível quando leitura falha";"RF31; RF38–RF43";Frontend;Estados de carregamento, falha e sucesso explícitos;OK
L09;N2-BE-06 / Excel;Implementar/verificar exportação de notas XLSX;Luan Eliseu;3;26/10/2026;26/10/2026;L08;P1;Planejada — validar com o grupo;Arquivo abre em Excel, contém turma/aluno/versão/nota e respeita autorização/filtros;RF47–RF48;Backend;Exportação real distinta do CSV ou botão simulado;OK
E08;N2-TEST / correção;Validar OMR, nota e falhas de persistência;Eloisa Fazzio da Silva Rocha;4;27/10/2026;27/10/2026;G07, L08, D04;P0;Planejada — validar com o grupo;"Dataset passa; falha de leitura não cria resultado; SQL/Storage com erro não exibem sucesso";RF31–RF43;Testes;Compensação de imagem e nova correção sem duplicar resultado;OK
G08;N2-FE-04 / relatórios;Conectar resultados, estatísticas e download Excel;Gabriel Koehler da Silva;4;27/10/2026;27/10/2026;G07, L09;P1;Planejada — validar com o grupo;"Filtros e estatísticas refletem banco; download XLSX oficial funciona";RF41–RF48;Frontend;Conferir contagem por questão e alternativa original após embaralhar;OK
G09;N1-FE / ajustes N2;Revisar responsividade, erros e impressão final;Gabriel Koehler da Silva;4;28/10/2026;28/10/2026;G08, G06;P1;Planejada — validar com o grupo;"Mobile/desktop/A4, estados vazios e navegação conferidos; visual coerente com Figma acessível";"RNF01–RNF03; RF26–RF28";Frontend;"Acesso completo Figma pendente; miniatura de login já conferida";OK
D07;N2-INF-03 / staging;Homologar persistência real no ambiente hospedado;Diego Rafael da Silva Dornelles;4;29/10/2026;29/10/2026;G09, L09, D06;P0;Planejada — validar com o grupo;"CRUD/avaliação/resultado persistem após reinício; nenhuma rota entregue depende de mock";"N2 C2; RF01–RF48";Infraestrutura;Não marcar pronto apenas por configurar variáveis Supabase;OK
E09;N2-TEST / aceite;Executar aceitação integrada de ponta a ponta;Eloisa Fazzio da Silva Rocha;4;30/10/2026;30/10/2026;D07, E08, E07, G09;P0;Planejada — validar com o grupo;"Roteiro com evidências passa em HTTPS; falhas críticas resolvidas ou formalmente bloqueiam entrega";N2 C1–C3;Testes;Resultado deve refletir execução real, sem copiar status de PR;OK
A07;N2-DOC-02 / README v2;Atualizar escopo, imagens e atendido/não atendido;Alyson de Lima de Oliveira;5;03/11/2026;04/11/2026;E09, D07;P1;Planejada — validar com o grupo;README v2 condiz com evidências, MER/DER/UML, link real e limitações remanescentes;N2 C3;Documentação;Corrigir contagem 32 versus 36 cards e pendências antigas somente com evidência;OK
A08;N2-DOC / relatório;Consolidar evidências, diário e relatório final;Alyson de Lima de Oliveira;4;05/11/2026;05/11/2026;A07, E09;P1;Planejada — validar com o grupo;"Relatórios datados e autores corretos; distingue código, revisão, deploy e homologação";N2 C1–C3;Documentação;Preservar diário local de Diego e identificar contribuição assistida;OK
D08;N1-INF-02 / N2-INF-04;Gerar pacote final e auditar conteúdo/extração;Diego Rafael da Silva Dornelles;4;06/11/2026;06/11/2026;A08, A07, E09;P0;Planejada — validar com o grupo;"ZIP sem segredos/caches; extração, UTF-8, integridade e execução limpa conferidas; PRs auditados";N2 C1;Infraestrutura;"Gravação no workspace teve corrupção anterior; verificar hashes e reabrir arquivos";OK
D09;N2-INF-04 / fechamento;Conferir entrega, HTTPS, URL e pacote final;Diego Rafael da Silva Dornelles;3;13/11/2026;13/11/2026;D08;P0;Planejada — validar com o grupo;"Pacote homologado e documentação/URL conferidos; checklist assinado pelo grupo";N2 C1–C3;Entrega;"Publicação e entrega só quando autorizadas; preservar margem até prazo final";OK
